entity_id,state,last_changed
sensor.third_reality_inc_3rsp02028bz_summation_delivered_4,171.697,2025-02-01T05:00:00.000Z
sensor.third_reality_inc_3rsp02028bz_summation_delivered_4,171.871,2025-02-01T06:00:00.000Z
sensor.third_reality_inc_3rsp02028bz_summation_delivered_4,172.058,2025-02-01T07:00:00.000Z
sensor.third_reality_inc_3rsp02028bz_summation_delivered_4,172.202,2025-02-01T08:00:00.000Z
sensor.third_reality_inc_3rsp02028bz_summation_delivered_4,172.323,2025-02-01T09:00:00.000Z
sensor.third_reality_inc_3rsp02028bz_summation_delivered_4,172.448,2025-02-01T10:00:00.000Z
sensor.third_reality_inc_3rsp02028bz_summation_delivered_4,172.569,2025-02-01T11:00:00.000Z
sensor.third_reality_inc_3rsp02028bz_summation_delivered_4,172.689,2025-02-01T12:00:00.000Z
sensor.third_reality_inc_3rsp02028bz_summation_delivered_4,172.809,2025-02-01T13:00:00.000Z
sensor.third_reality_inc_3rsp02028bz_summation_delivered_4,172.929,2025-02-01T14:00:00.000Z
sensor.third_reality_inc_3rsp02028bz_summation_delivered_4,173.049,2025-02-01T15:00:00.000Z
sensor.third_reality_inc_3rsp02028bz_summation_delivered_4,173.171,2025-02-01T16:00:00.000Z
sensor.third_reality_inc_3rsp02028bz_summation_delivered_4,173.292,2025-02-01T17:00:00.000Z
sensor.third_reality_inc_3rsp02028bz_summation_delivered_4,173.414,2025-02-01T18:00:00.000Z
sensor.third_reality_inc_3rsp02028bz_summation_delivered_4,173.535,2025-02-01T19:00:00.000Z
sensor.third_reality_inc_3rsp02028bz_summation_delivered_4,173.656,2025-02-01T20:00:00.000Z
sensor.third_reality_inc_3rsp02028bz_summation_delivered_4,173.778,2025-02-01T21:00:00.000Z
sensor.third_reality_inc_3rsp02028bz_summation_delivered_4,173.871,2025-02-01T22:00:00.000Z
sensor.third_reality_inc_3rsp02028bz_summation_delivered_4,174.025,2025-02-01T23:00:00.000Z
sensor.third_reality_inc_3rsp02028bz_summation_delivered_4,174.158,2025-02-02T00:00:00.000Z
sensor.third_reality_inc_3rsp02028bz_summation_delivered_4,174.282,2025-02-02T01:00:00.000Z
sensor.third_reality_inc_3rsp02028bz_summation_delivered_4,174.402,2025-02-02T02:00:00.000Z
sensor.third_reality_inc_3rsp02028bz_summation_delivered_4,174.525,2025-02-02T03:00:00.000Z
sensor.third_reality_inc_3rsp02028bz_summation_delivered_4,174.648,2025-02-02T04:00:00.000Z
sensor.third_reality_inc_3rsp02028bz_summation_delivered_4,174.773,2025-02-02T05:00:00.000Z
sensor.third_reality_inc_3rsp02028bz_summation_delivered_4,174.895,2025-02-02T06:00:00.000Z
sensor.third_reality_inc_3rsp02028bz_summation_delivered_4,175.019,2025-02-02T07:00:00.000Z
sensor.third_reality_inc_3rsp02028bz_summation_delivered_4,175.143,2025-02-02T08:00:00.000Z
sensor.third_reality_inc_3rsp02028bz_summation_delivered_4,175.264,2025-02-02T09:00:00.000Z
sensor.third_reality_inc_3rsp02028bz_summation_delivered_4,175.387,2025-02-02T10:00:00.000Z
sensor.third_reality_inc_3rsp02028bz_summation_delivered_4,175.51,2025-02-02T11:00:00.000Z
sensor.third_reality_inc_3rsp02028bz_summation_delivered_4,175.634,2025-02-02T12:00:00.000Z
sensor.third_reality_inc_3rsp02028bz_summation_delivered_4,175.756,2025-02-02T13:00:00.000Z
sensor.third_reality_inc_3rsp02028bz_summation_delivered_4,175.878,2025-02-02T14:00:00.000Z
sensor.third_reality_inc_3rsp02028bz_summation_delivered_4,176.001,2025-02-02T15:00:00.000Z
sensor.third_reality_inc_3rsp02028bz_summation_delivered_4,176.125,2025-02-02T16:00:00.000Z
sensor.third_reality_inc_3rsp02028bz_summation_delivered_4,176.246,2025-02-02T17:00:00.000Z
sensor.third_reality_inc_3rsp02028bz_summation_delivered_4,176.367,2025-02-02T18:00:00.000Z
sensor.third_reality_inc_3rsp02028bz_summation_delivered_4,176.488,2025-02-02T19:00:00.000Z
sensor.third_reality_inc_3rsp02028bz_summation_delivered_4,176.616,2025-02-02T20:00:00.000Z
sensor.third_reality_inc_3rsp02028bz_summation_delivered_4,176.778,2025-02-02T21:00:00.000Z
sensor.third_reality_inc_3rsp02028bz_summation_delivered_4,176.785,2025-02-02T22:00:00.000Z
sensor.third_reality_inc_3rsp02028bz_summation_delivered_4,176.89,2025-02-02T23:00:00.000Z
sensor.third_reality_inc_3rsp02028bz_summation_delivered_4,177.018,2025-02-03T00:00:00.000Z
sensor.third_reality_inc_3rsp02028bz_summation_delivered_4,177.207,2025-02-03T01:00:00.000Z
sensor.third_reality_inc_3rsp02028bz_summation_delivered_4,177.378,2025-02-03T02:00:00.000Z
sensor.third_reality_inc_3rsp02028bz_summation_delivered_4,177.513,2025-02-03T03:00:00.000Z
sensor.third_reality_inc_3rsp02028bz_summation_delivered_4,177.635,2025-02-03T04:00:00.000Z
sensor.third_reality_inc_3rsp02028bz_summation_delivered_4,177.758,2025-02-03T05:00:00.000Z
sensor.third_reality_inc_3rsp02028bz_summation_delivered_4,177.88,2025-02-03T06:00:00.000Z
sensor.third_reality_inc_3rsp02028bz_summation_delivered_4,178.002,2025-02-03T07:00:00.000Z
sensor.third_reality_inc_3rsp02028bz_summation_delivered_4,178.123,2025-02-03T08:00:00.000Z
sensor.third_reality_inc_3rsp02028bz_summation_delivered_4,178.245,2025-02-03T09:00:00.000Z
sensor.third_reality_inc_3rsp02028bz_summation_delivered_4,178.37,2025-02-03T10:00:00.000Z
sensor.third_reality_inc_3rsp02028bz_summation_delivered_4,178.492,2025-02-03T11:00:00.000Z
sensor.third_reality_inc_3rsp02028bz_summation_delivered_4,178.614,2025-02-03T12:00:00.000Z
sensor.third_reality_inc_3rsp02028bz_summation_delivered_4,178.737,2025-02-03T13:00:00.000Z
sensor.third_reality_inc_3rsp02028bz_summation_delivered_4,178.878,2025-02-03T14:00:00.000Z
sensor.third_reality_inc_3rsp02028bz_summation_delivered_4,179.041,2025-02-03T15:00:00.000Z
sensor.third_reality_inc_3rsp02028bz_summation_delivered_4,179.189,2025-02-03T16:00:00.000Z
sensor.third_reality_inc_3rsp02028bz_summation_delivered_4,179.321,2025-02-03T17:00:00.000Z
sensor.third_reality_inc_3rsp02028bz_summation_delivered_4,179.452,2025-02-03T18:00:00.000Z
sensor.third_reality_inc_3rsp02028bz_summation_delivered_4,179.579,2025-02-03T19:00:00.000Z
sensor.third_reality_inc_3rsp02028bz_summation_delivered_4,179.684,2025-02-03T20:00:00.000Z
sensor.third_reality_inc_3rsp02028bz_summation_delivered_4,179.802,2025-02-03T21:00:00.000Z
sensor.third_reality_inc_3rsp02028bz_summation_delivered_4,179.919,2025-02-03T22:00:00.000Z
sensor.third_reality_inc_3rsp02028bz_summation_delivered_4,180.043,2025-02-03T23:00:00.000Z
sensor.third_reality_inc_3rsp02028bz_summation_delivered_4,180.223,2025-02-04T00:00:00.000Z
sensor.third_reality_inc_3rsp02028bz_summation_delivered_4,180.394,2025-02-04T01:00:00.000Z
sensor.third_reality_inc_3rsp02028bz_summation_delivered_4,180.514,2025-02-04T02:00:00.000Z
sensor.third_reality_inc_3rsp02028bz_summation_delivered_4,180.644,2025-02-04T03:00:00.000Z
sensor.third_reality_inc_3rsp02028bz_summation_delivered_4,180.786,2025-02-04T04:00:00.000Z
sensor.third_reality_inc_3rsp02028bz_summation_delivered_4,180.981,2025-02-04T05:00:00.000Z
sensor.third_reality_inc_3rsp02028bz_summation_delivered_4,181.176,2025-02-04T06:00:00.000Z
sensor.third_reality_inc_3rsp02028bz_summation_delivered_4,181.296,2025-02-04T07:00:00.000Z
sensor.third_reality_inc_3rsp02028bz_summation_delivered_4,181.416,2025-02-04T08:00:00.000Z
sensor.third_reality_inc_3rsp02028bz_summation_delivered_4,181.534,2025-02-04T09:00:00.000Z
sensor.third_reality_inc_3rsp02028bz_summation_delivered_4,181.654,2025-02-04T10:00:00.000Z
sensor.third_reality_inc_3rsp02028bz_summation_delivered_4,181.773,2025-02-04T11:00:00.000Z
sensor.third_reality_inc_3rsp02028bz_summation_delivered_4,181.891,2025-02-04T12:00:00.000Z
sensor.third_reality_inc_3rsp02028bz_summation_delivered_4,182.009,2025-02-04T13:00:00.000Z
sensor.third_reality_inc_3rsp02028bz_summation_delivered_4,182.127,2025-02-04T14:00:00.000Z
sensor.third_reality_inc_3rsp02028bz_summation_delivered_4,182.245,2025-02-04T15:00:00.000Z
sensor.third_reality_inc_3rsp02028bz_summation_delivered_4,182.362,2025-02-04T16:00:00.000Z
sensor.third_reality_inc_3rsp02028bz_summation_delivered_4,182.571,2025-02-04T17:00:00.000Z
sensor.third_reality_inc_3rsp02028bz_summation_delivered_4,182.692,2025-02-04T18:00:00.000Z
sensor.third_reality_inc_3rsp02028bz_summation_delivered_4,182.812,2025-02-04T19:00:00.000Z
sensor.third_reality_inc_3rsp02028bz_summation_delivered_4,182.932,2025-02-04T20:00:00.000Z
sensor.third_reality_inc_3rsp02028bz_summation_delivered_4,183.097,2025-02-04T21:00:00.000Z
sensor.third_reality_inc_3rsp02028bz_summation_delivered_4,183.227,2025-02-04T22:00:00.000Z
sensor.third_reality_inc_3rsp02028bz_summation_delivered_4,183.375,2025-02-04T23:00:00.000Z
sensor.third_reality_inc_3rsp02028bz_summation_delivered_4,183.595,2025-02-05T00:00:00.000Z
sensor.third_reality_inc_3rsp02028bz_summation_delivered_4,183.796,2025-02-05T01:00:00.000Z
sensor.third_reality_inc_3rsp02028bz_summation_delivered_4,183.915,2025-02-05T02:00:00.000Z
sensor.third_reality_inc_3rsp02028bz_summation_delivered_4,184.122,2025-02-05T03:00:00.000Z
sensor.third_reality_inc_3rsp02028bz_summation_delivered_4,184.24,2025-02-05T04:00:00.000Z
sensor.third_reality_inc_3rsp02028bz_summation_delivered_4,184.359,2025-02-05T05:00:00.000Z
sensor.third_reality_inc_3rsp02028bz_summation_delivered_4,184.477,2025-02-05T06:00:00.000Z
sensor.third_reality_inc_3rsp02028bz_summation_delivered_4,184.594,2025-02-05T07:00:00.000Z
sensor.third_reality_inc_3rsp02028bz_summation_delivered_4,184.713,2025-02-05T08:00:00.000Z
sensor.third_reality_inc_3rsp02028bz_summation_delivered_4,184.83,2025-02-05T09:00:00.000Z
sensor.third_reality_inc_3rsp02028bz_summation_delivered_4,184.947,2025-02-05T10:00:00.000Z
sensor.third_reality_inc_3rsp02028bz_summation_delivered_4,185.066,2025-02-05T11:00:00.000Z
sensor.third_reality_inc_3rsp02028bz_summation_delivered_4,185.184,2025-02-05T12:00:00.000Z
sensor.third_reality_inc_3rsp02028bz_summation_delivered_4,185.302,2025-02-05T13:00:00.000Z
sensor.third_reality_inc_3rsp02028bz_summation_delivered_4,185.42,2025-02-05T14:00:00.000Z
sensor.third_reality_inc_3rsp02028bz_summation_delivered_4,185.538,2025-02-05T15:00:00.000Z
sensor.third_reality_inc_3rsp02028bz_summation_delivered_4,185.656,2025-02-05T16:00:00.000Z
sensor.third_reality_inc_3rsp02028bz_summation_delivered_4,185.775,2025-02-05T17:00:00.000Z
sensor.third_reality_inc_3rsp02028bz_summation_delivered_4,185.892,2025-02-05T18:00:00.000Z
sensor.third_reality_inc_3rsp02028bz_summation_delivered_4,186.01,2025-02-05T19:00:00.000Z
sensor.third_reality_inc_3rsp02028bz_summation_delivered_4,186.128,2025-02-05T20:00:00.000Z
sensor.third_reality_inc_3rsp02028bz_summation_delivered_4,186.246,2025-02-05T21:00:00.000Z
sensor.third_reality_inc_3rsp02028bz_summation_delivered_4,186.364,2025-02-05T22:00:00.000Z
sensor.third_reality_inc_3rsp02028bz_summation_delivered_4,186.498,2025-02-05T23:00:00.000Z
sensor.third_reality_inc_3rsp02028bz_summation_delivered_4,186.703,2025-02-06T00:00:00.000Z
sensor.third_reality_inc_3rsp02028bz_summation_delivered_4,186.891,2025-02-06T01:00:00.000Z
sensor.third_reality_inc_3rsp02028bz_summation_delivered_4,187.049,2025-02-06T02:00:00.000Z
sensor.third_reality_inc_3rsp02028bz_summation_delivered_4,187.183,2025-02-06T03:00:00.000Z
sensor.third_reality_inc_3rsp02028bz_summation_delivered_4,187.379,2025-02-06T04:00:00.000Z
sensor.third_reality_inc_3rsp02028bz_summation_delivered_4,187.613,2025-02-06T05:00:00.000Z
sensor.third_reality_inc_3rsp02028bz_summation_delivered_4,187.731,2025-02-06T06:00:00.000Z
sensor.third_reality_inc_3rsp02028bz_summation_delivered_4,187.851,2025-02-06T07:00:00.000Z
sensor.third_reality_inc_3rsp02028bz_summation_delivered_4,187.97,2025-02-06T08:00:00.000Z
sensor.third_reality_inc_3rsp02028bz_summation_delivered_4,188.088,2025-02-06T09:00:00.000Z
sensor.third_reality_inc_3rsp02028bz_summation_delivered_4,188.209,2025-02-06T10:00:00.000Z
sensor.third_reality_inc_3rsp02028bz_summation_delivered_4,188.33,2025-02-06T11:00:00.000Z
sensor.third_reality_inc_3rsp02028bz_summation_delivered_4,188.451,2025-02-06T12:00:00.000Z
sensor.third_reality_inc_3rsp02028bz_summation_delivered_4,188.573,2025-02-06T13:00:00.000Z
sensor.third_reality_inc_3rsp02028bz_summation_delivered_4,188.694,2025-02-06T14:00:00.000Z
sensor.third_reality_inc_3rsp02028bz_summation_delivered_4,188.815,2025-02-06T15:00:00.000Z
sensor.third_reality_inc_3rsp02028bz_summation_delivered_4,188.934,2025-02-06T16:00:00.000Z
sensor.third_reality_inc_3rsp02028bz_summation_delivered_4,189.053,2025-02-06T17:00:00.000Z
sensor.third_reality_inc_3rsp02028bz_summation_delivered_4,189.206,2025-02-06T18:00:00.000Z
sensor.third_reality_inc_3rsp02028bz_summation_delivered_4,189.337,2025-02-06T19:00:00.000Z
sensor.third_reality_inc_3rsp02028bz_summation_delivered_4,189.497,2025-02-06T20:00:00.000Z
sensor.third_reality_inc_3rsp02028bz_summation_delivered_4,189.69,2025-02-06T21:00:00.000Z
sensor.third_reality_inc_3rsp02028bz_summation_delivered_4,189.81,2025-02-06T22:00:00.000Z
sensor.third_reality_inc_3rsp02028bz_summation_delivered_4,189.948,2025-02-06T23:00:00.000Z
sensor.third_reality_inc_3rsp02028bz_summation_delivered_4,190.081,2025-02-07T00:00:00.000Z
sensor.third_reality_inc_3rsp02028bz_summation_delivered_4,190.2,2025-02-07T01:00:00.000Z
sensor.third_reality_inc_3rsp02028bz_summation_delivered_4,190.32,2025-02-07T02:00:00.000Z
sensor.third_reality_inc_3rsp02028bz_summation_delivered_4,190.438,2025-02-07T03:00:00.000Z
sensor.third_reality_inc_3rsp02028bz_summation_delivered_4,190.557,2025-02-07T04:00:00.000Z
sensor.third_reality_inc_3rsp02028bz_summation_delivered_4,190.676,2025-02-07T05:00:00.000Z
sensor.third_reality_inc_3rsp02028bz_summation_delivered_4,190.794,2025-02-07T06:00:00.000Z
sensor.third_reality_inc_3rsp02028bz_summation_delivered_4,190.913,2025-02-07T07:00:00.000Z
sensor.third_reality_inc_3rsp02028bz_summation_delivered_4,191.032,2025-02-07T08:00:00.000Z
sensor.third_reality_inc_3rsp02028bz_summation_delivered_4,191.15,2025-02-07T09:00:00.000Z
sensor.third_reality_inc_3rsp02028bz_summation_delivered_4,191.268,2025-02-07T10:00:00.000Z
sensor.third_reality_inc_3rsp02028bz_summation_delivered_4,191.387,2025-02-07T11:00:00.000Z
sensor.third_reality_inc_3rsp02028bz_summation_delivered_4,191.504,2025-02-07T12:00:00.000Z
sensor.third_reality_inc_3rsp02028bz_summation_delivered_4,191.622,2025-02-07T13:00:00.000Z
sensor.third_reality_inc_3rsp02028bz_summation_delivered_4,191.74,2025-02-07T14:00:00.000Z
sensor.third_reality_inc_3rsp02028bz_summation_delivered_4,191.858,2025-02-07T15:00:00.000Z
sensor.third_reality_inc_3rsp02028bz_summation_delivered_4,191.975,2025-02-07T16:00:00.000Z
sensor.third_reality_inc_3rsp02028bz_summation_delivered_4,192.093,2025-02-07T17:00:00.000Z
sensor.third_reality_inc_3rsp02028bz_summation_delivered_4,192.21,2025-02-07T18:00:00.000Z
sensor.third_reality_inc_3rsp02028bz_summation_delivered_4,192.329,2025-02-07T19:00:00.000Z
sensor.third_reality_inc_3rsp02028bz_summation_delivered_4,192.446,2025-02-07T20:00:00.000Z
sensor.third_reality_inc_3rsp02028bz_summation_delivered_4,192.564,2025-02-07T21:00:00.000Z
sensor.third_reality_inc_3rsp02028bz_summation_delivered_4,192.682,2025-02-07T22:00:00.000Z
sensor.third_reality_inc_3rsp02028bz_summation_delivered_4,192.8,2025-02-07T23:00:00.000Z
sensor.third_reality_inc_3rsp02028bz_summation_delivered_4,192.918,2025-02-08T00:00:00.000Z
sensor.third_reality_inc_3rsp02028bz_summation_delivered_4,193.035,2025-02-08T01:00:00.000Z
sensor.third_reality_inc_3rsp02028bz_summation_delivered_4,193.163,2025-02-08T02:00:00.000Z
sensor.third_reality_inc_3rsp02028bz_summation_delivered_4,193.391,2025-02-08T03:00:00.000Z
sensor.third_reality_inc_3rsp02028bz_summation_delivered_4,193.508,2025-02-08T04:00:00.000Z
sensor.third_reality_inc_3rsp02028bz_summation_delivered_4,193.626,2025-02-08T05:00:00.000Z
sensor.third_reality_inc_3rsp02028bz_summation_delivered_4,193.744,2025-02-08T06:00:00.000Z
sensor.third_reality_inc_3rsp02028bz_summation_delivered_4,193.862,2025-02-08T07:00:00.000Z
sensor.third_reality_inc_3rsp02028bz_summation_delivered_4,193.98,2025-02-08T08:00:00.000Z
sensor.third_reality_inc_3rsp02028bz_summation_delivered_4,194.097,2025-02-08T09:00:00.000Z
sensor.third_reality_inc_3rsp02028bz_summation_delivered_4,194.215,2025-02-08T10:00:00.000Z
sensor.third_reality_inc_3rsp02028bz_summation_delivered_4,194.334,2025-02-08T11:00:00.000Z
sensor.third_reality_inc_3rsp02028bz_summation_delivered_4,194.452,2025-02-08T12:00:00.000Z
sensor.third_reality_inc_3rsp02028bz_summation_delivered_4,194.569,2025-02-08T13:00:00.000Z
sensor.third_reality_inc_3rsp02028bz_summation_delivered_4,194.686,2025-02-08T14:00:00.000Z
sensor.third_reality_inc_3rsp02028bz_summation_delivered_4,194.805,2025-02-08T15:00:00.000Z
sensor.third_reality_inc_3rsp02028bz_summation_delivered_4,194.922,2025-02-08T16:00:00.000Z
sensor.third_reality_inc_3rsp02028bz_summation_delivered_4,195.04,2025-02-08T17:00:00.000Z
sensor.third_reality_inc_3rsp02028bz_summation_delivered_4,195.158,2025-02-08T18:00:00.000Z
sensor.third_reality_inc_3rsp02028bz_summation_delivered_4,195.276,2025-02-08T19:00:00.000Z
sensor.third_reality_inc_3rsp02028bz_summation_delivered_4,195.394,2025-02-08T20:00:00.000Z
sensor.third_reality_inc_3rsp02028bz_summation_delivered_4,195.539,2025-02-08T21:00:00.000Z
sensor.third_reality_inc_3rsp02028bz_summation_delivered_4,195.658,2025-02-08T22:00:00.000Z
sensor.third_reality_inc_3rsp02028bz_summation_delivered_4,195.783,2025-02-08T23:00:00.000Z
sensor.third_reality_inc_3rsp02028bz_summation_delivered_4,195.907,2025-02-09T00:00:00.000Z
sensor.third_reality_inc_3rsp02028bz_summation_delivered_4,196.03,2025-02-09T01:00:00.000Z
sensor.third_reality_inc_3rsp02028bz_summation_delivered_4,196.153,2025-02-09T02:00:00.000Z
sensor.third_reality_inc_3rsp02028bz_summation_delivered_4,196.277,2025-02-09T03:00:00.000Z
sensor.third_reality_inc_3rsp02028bz_summation_delivered_4,196.416,2025-02-09T04:00:00.000Z
sensor.third_reality_inc_3rsp02028bz_summation_delivered_4,196.54,2025-02-09T05:00:00.000Z
sensor.third_reality_inc_3rsp02028bz_summation_delivered_4,196.664,2025-02-09T06:00:00.000Z
sensor.third_reality_inc_3rsp02028bz_summation_delivered_4,196.787,2025-02-09T07:00:00.000Z
sensor.third_reality_inc_3rsp02028bz_summation_delivered_4,196.91,2025-02-09T08:00:00.000Z
sensor.third_reality_inc_3rsp02028bz_summation_delivered_4,197.034,2025-02-09T09:00:00.000Z
sensor.third_reality_inc_3rsp02028bz_summation_delivered_4,197.158,2025-02-09T10:00:00.000Z
sensor.third_reality_inc_3rsp02028bz_summation_delivered_4,197.282,2025-02-09T11:00:00.000Z
sensor.third_reality_inc_3rsp02028bz_summation_delivered_4,197.406,2025-02-09T12:00:00.000Z
sensor.third_reality_inc_3rsp02028bz_summation_delivered_4,197.529,2025-02-09T13:00:00.000Z
sensor.third_reality_inc_3rsp02028bz_summation_delivered_4,197.653,2025-02-09T14:00:00.000Z
sensor.third_reality_inc_3rsp02028bz_summation_delivered_4,197.769,2025-02-09T15:00:00.000Z
sensor.third_reality_inc_3rsp02028bz_summation_delivered_4,197.899,2025-02-09T16:00:00.000Z
sensor.third_reality_inc_3rsp02028bz_summation_delivered_4,198.019,2025-02-09T17:00:00.000Z
sensor.third_reality_inc_3rsp02028bz_summation_delivered_4,198.139,2025-02-09T18:00:00.000Z
sensor.third_reality_inc_3rsp02028bz_summation_delivered_4,198.259,2025-02-09T19:00:00.000Z
sensor.third_reality_inc_3rsp02028bz_summation_delivered_4,198.39,2025-02-09T20:00:00.000Z
sensor.third_reality_inc_3rsp02028bz_summation_delivered_4,198.51,2025-02-09T21:00:00.000Z
sensor.third_reality_inc_3rsp02028bz_summation_delivered_4,198.63,2025-02-09T22:00:00.000Z
sensor.third_reality_inc_3rsp02028bz_summation_delivered_4,198.76,2025-02-09T23:00:00.000Z
sensor.third_reality_inc_3rsp02028bz_summation_delivered_4,198.881,2025-02-10T00:00:00.000Z
sensor.third_reality_inc_3rsp02028bz_summation_delivered_4,199.011,2025-02-10T01:00:00.000Z
sensor.third_reality_inc_3rsp02028bz_summation_delivered_4,199.131,2025-02-10T02:00:00.000Z
sensor.third_reality_inc_3rsp02028bz_summation_delivered_4,199.241,2025-02-10T03:00:00.000Z
sensor.third_reality_inc_3rsp02028bz_summation_delivered_4,199.391,2025-02-10T04:00:00.000Z
sensor.third_reality_inc_3rsp02028bz_summation_delivered_4,199.512,2025-02-10T05:00:00.000Z
sensor.third_reality_inc_3rsp02028bz_summation_delivered_4,199.622,2025-02-10T06:00:00.000Z
sensor.third_reality_inc_3rsp02028bz_summation_delivered_4,199.742,2025-02-10T07:00:00.000Z
sensor.third_reality_inc_3rsp02028bz_summation_delivered_4,199.862,2025-02-10T08:00:00.000Z
sensor.third_reality_inc_3rsp02028bz_summation_delivered_4,199.982,2025-02-10T09:00:00.000Z
sensor.third_reality_inc_3rsp02028bz_summation_delivered_4,200.103,2025-02-10T10:00:00.000Z
sensor.third_reality_inc_3rsp02028bz_summation_delivered_4,200.213,2025-02-10T11:00:00.000Z
sensor.third_reality_inc_3rsp02028bz_summation_delivered_4,200.333,2025-02-10T12:00:00.000Z
sensor.third_reality_inc_3rsp02028bz_summation_delivered_4,200.453,2025-02-10T13:00:00.000Z
sensor.third_reality_inc_3rsp02028bz_summation_delivered_4,200.573,2025-02-10T14:00:00.000Z
sensor.third_reality_inc_3rsp02028bz_summation_delivered_4,200.684,2025-02-10T15:00:00.000Z
sensor.third_reality_inc_3rsp02028bz_summation_delivered_4,200.804,2025-02-10T16:00:00.000Z
sensor.third_reality_inc_3rsp02028bz_summation_delivered_4,200.924,2025-02-10T17:00:00.000Z
sensor.third_reality_inc_3rsp02028bz_summation_delivered_4,201.044,2025-02-10T18:00:00.000Z
sensor.third_reality_inc_3rsp02028bz_summation_delivered_4,201.165,2025-02-10T19:00:00.000Z
sensor.third_reality_inc_3rsp02028bz_summation_delivered_4,201.285,2025-02-10T20:00:00.000Z
sensor.third_reality_inc_3rsp02028bz_summation_delivered_4,201.405,2025-02-10T21:00:00.000Z
sensor.third_reality_inc_3rsp02028bz_summation_delivered_4,201.525,2025-02-10T22:00:00.000Z
sensor.third_reality_inc_3rsp02028bz_summation_delivered_4,201.635,2025-02-10T23:00:00.000Z
sensor.third_reality_inc_3rsp02028bz_summation_delivered_4,201.756,2025-02-11T00:00:00.000Z
sensor.third_reality_inc_3rsp02028bz_summation_delivered_4,201.876,2025-02-11T01:00:00.000Z
sensor.third_reality_inc_3rsp02028bz_summation_delivered_4,201.986,2025-02-11T02:00:00.000Z
sensor.third_reality_inc_3rsp02028bz_summation_delivered_4,202.106,2025-02-11T03:00:00.000Z
sensor.third_reality_inc_3rsp02028bz_summation_delivered_4,202.226,2025-02-11T04:00:00.000Z
sensor.third_reality_inc_3rsp02028bz_summation_delivered_4,202.347,2025-02-11T05:00:00.000Z
sensor.third_reality_inc_3rsp02028bz_summation_delivered_4,202.457,2025-02-11T06:00:00.000Z
sensor.third_reality_inc_3rsp02028bz_summation_delivered_4,202.577,2025-02-11T07:00:00.000Z
sensor.third_reality_inc_3rsp02028bz_summation_delivered_4,202.697,2025-02-11T08:00:00.000Z
sensor.third_reality_inc_3rsp02028bz_summation_delivered_4,202.817,2025-02-11T09:00:00.000Z
sensor.third_reality_inc_3rsp02028bz_summation_delivered_4,202.928,2025-02-11T10:00:00.000Z
sensor.third_reality_inc_3rsp02028bz_summation_delivered_4,203.048,2025-02-11T11:00:00.000Z
sensor.third_reality_inc_3rsp02028bz_summation_delivered_4,203.168,2025-02-11T12:00:00.000Z
sensor.third_reality_inc_3rsp02028bz_summation_delivered_4,203.288,2025-02-11T13:00:00.000Z
sensor.third_reality_inc_3rsp02028bz_summation_delivered_4,203.408,2025-02-11T14:00:00.000Z
sensor.third_reality_inc_3rsp02028bz_summation_delivered_4,203.529,2025-02-11T15:00:00.000Z
sensor.third_reality_inc_3rsp02028bz_summation_delivered_4,203.649,2025-02-11T16:00:00.000Z
sensor.third_reality_inc_3rsp02028bz_summation_delivered_4,203.769,2025-02-11T17:00:00.000Z
sensor.third_reality_inc_3rsp02028bz_summation_delivered_4,203.889,2025-02-11T18:00:00.000Z
sensor.third_reality_inc_3rsp02028bz_summation_delivered_4,204.12,2025-02-11T19:00:00.000Z
sensor.third_reality_inc_3rsp02028bz_summation_delivered_4,204.26,2025-02-11T20:00:00.000Z
sensor.third_reality_inc_3rsp02028bz_summation_delivered_4,204.381,2025-02-11T21:00:00.000Z
sensor.third_reality_inc_3rsp02028bz_summation_delivered_4,204.491,2025-02-11T22:00:00.000Z
sensor.third_reality_inc_3rsp02028bz_summation_delivered_4,204.611,2025-02-11T23:00:00.000Z
sensor.third_reality_inc_3rsp02028bz_summation_delivered_4,204.731,2025-02-12T00:00:00.000Z
sensor.third_reality_inc_3rsp02028bz_summation_delivered_4,204.851,2025-02-12T01:00:00.000Z
sensor.third_reality_inc_3rsp02028bz_summation_delivered_4,204.962,2025-02-12T02:00:00.000Z
sensor.third_reality_inc_3rsp02028bz_summation_delivered_4,205.082,2025-02-12T03:00:00.000Z
sensor.third_reality_inc_3rsp02028bz_summation_delivered_4,205.202,2025-02-12T04:00:00.000Z
sensor.third_reality_inc_3rsp02028bz_summation_delivered_4,205.322,2025-02-12T05:00:00.000Z
sensor.third_reality_inc_3rsp02028bz_summation_delivered_4,205.442,2025-02-12T06:00:00.000Z
sensor.third_reality_inc_3rsp02028bz_summation_delivered_4,205.553,2025-02-12T07:00:00.000Z
sensor.third_reality_inc_3rsp02028bz_summation_delivered_4,205.673,2025-02-12T08:00:00.000Z
sensor.third_reality_inc_3rsp02028bz_summation_delivered_4,205.793,2025-02-12T09:00:00.000Z
sensor.third_reality_inc_3rsp02028bz_summation_delivered_4,205.903,2025-02-12T10:00:00.000Z
sensor.third_reality_inc_3rsp02028bz_summation_delivered_4,206.023,2025-02-12T11:00:00.000Z
sensor.third_reality_inc_3rsp02028bz_summation_delivered_4,206.144,2025-02-12T12:00:00.000Z
sensor.third_reality_inc_3rsp02028bz_summation_delivered_4,206.264,2025-02-12T13:00:00.000Z
sensor.third_reality_inc_3rsp02028bz_summation_delivered_4,206.384,2025-02-12T14:00:00.000Z
sensor.third_reality_inc_3rsp02028bz_summation_delivered_4,206.494,2025-02-12T15:00:00.000Z
sensor.third_reality_inc_3rsp02028bz_summation_delivered_4,206.614,2025-02-12T16:00:00.000Z
sensor.third_reality_inc_3rsp02028bz_summation_delivered_4,206.735,2025-02-12T17:00:00.000Z
sensor.third_reality_inc_3rsp02028bz_summation_delivered_4,206.855,2025-02-12T18:00:00.000Z
sensor.third_reality_inc_3rsp02028bz_summation_delivered_4,206.975,2025-02-12T19:00:00.000Z
sensor.third_reality_inc_3rsp02028bz_summation_delivered_4,207.085,2025-02-12T20:00:00.000Z
sensor.third_reality_inc_3rsp02028bz_summation_delivered_4,207.205,2025-02-12T21:00:00.000Z
sensor.third_reality_inc_3rsp02028bz_summation_delivered_4,207.326,2025-02-12T22:00:00.000Z
sensor.third_reality_inc_3rsp02028bz_summation_delivered_4,207.446,2025-02-12T23:00:00.000Z
sensor.third_reality_inc_3rsp02028bz_summation_delivered_4,207.566,2025-02-13T00:00:00.000Z
sensor.third_reality_inc_3rsp02028bz_summation_delivered_4,207.676,2025-02-13T01:00:00.000Z
sensor.third_reality_inc_3rsp02028bz_summation_delivered_4,207.796,2025-02-13T02:00:00.000Z
sensor.third_reality_inc_3rsp02028bz_summation_delivered_4,207.916,2025-02-13T03:00:00.000Z
sensor.third_reality_inc_3rsp02028bz_summation_delivered_4,208.077,2025-02-13T04:00:00.000Z
sensor.third_reality_inc_3rsp02028bz_summation_delivered_4,208.197,2025-02-13T05:00:00.000Z
sensor.third_reality_inc_3rsp02028bz_summation_delivered_4,208.307,2025-02-13T06:00:00.000Z
sensor.third_reality_inc_3rsp02028bz_summation_delivered_4,208.427,2025-02-13T07:00:00.000Z
sensor.third_reality_inc_3rsp02028bz_summation_delivered_4,208.548,2025-02-13T08:00:00.000Z
sensor.third_reality_inc_3rsp02028bz_summation_delivered_4,208.668,2025-02-13T09:00:00.000Z
sensor.third_reality_inc_3rsp02028bz_summation_delivered_4,208.788,2025-02-13T10:00:00.000Z
sensor.third_reality_inc_3rsp02028bz_summation_delivered_4,208.898,2025-02-13T11:00:00.000Z
sensor.third_reality_inc_3rsp02028bz_summation_delivered_4,209.018,2025-02-13T12:00:00.000Z
sensor.third_reality_inc_3rsp02028bz_summation_delivered_4,209.139,2025-02-13T13:00:00.000Z
sensor.third_reality_inc_3rsp02028bz_summation_delivered_4,209.259,2025-02-13T14:00:00.000Z
sensor.third_reality_inc_3rsp02028bz_summation_delivered_4,209.429,2025-02-13T15:00:00.000Z
sensor.third_reality_inc_3rsp02028bz_summation_delivered_4,209.55,2025-02-13T16:00:00.000Z
sensor.third_reality_inc_3rsp02028bz_summation_delivered_4,209.67,2025-02-13T17:00:00.000Z
sensor.third_reality_inc_3rsp02028bz_summation_delivered_4,209.79,2025-02-13T18:00:00.000Z
sensor.third_reality_inc_3rsp02028bz_summation_delivered_4,209.91,2025-02-13T19:00:00.000Z
sensor.third_reality_inc_3rsp02028bz_summation_delivered_4,210.03,2025-02-13T20:00:00.000Z
sensor.third_reality_inc_3rsp02028bz_summation_delivered_4,210.14,2025-02-13T21:00:00.000Z
sensor.third_reality_inc_3rsp02028bz_summation_delivered_4,210.261,2025-02-13T22:00:00.000Z
sensor.third_reality_inc_3rsp02028bz_summation_delivered_4,210.381,2025-02-13T23:00:00.000Z
sensor.third_reality_inc_3rsp02028bz_summation_delivered_4,210.501,2025-02-14T00:00:00.000Z
sensor.third_reality_inc_3rsp02028bz_summation_delivered_4,210.621,2025-02-14T01:00:00.000Z
sensor.third_reality_inc_3rsp02028bz_summation_delivered_4,210.731,2025-02-14T02:00:00.000Z
sensor.third_reality_inc_3rsp02028bz_summation_delivered_4,210.852,2025-02-14T03:00:00.000Z
sensor.third_reality_inc_3rsp02028bz_summation_delivered_4,210.972,2025-02-14T04:00:00.000Z
sensor.third_reality_inc_3rsp02028bz_summation_delivered_4,211.092,2025-02-14T05:00:00.000Z
sensor.third_reality_inc_3rsp02028bz_summation_delivered_4,211.212,2025-02-14T06:00:00.000Z
sensor.third_reality_inc_3rsp02028bz_summation_delivered_4,211.332,2025-02-14T07:00:00.000Z
sensor.third_reality_inc_3rsp02028bz_summation_delivered_4,211.442,2025-02-14T08:00:00.000Z
sensor.third_reality_inc_3rsp02028bz_summation_delivered_4,211.563,2025-02-14T09:00:00.000Z
sensor.third_reality_inc_3rsp02028bz_summation_delivered_4,211.683,2025-02-14T10:00:00.000Z
sensor.third_reality_inc_3rsp02028bz_summation_delivered_4,211.803,2025-02-14T11:00:00.000Z
sensor.third_reality_inc_3rsp02028bz_summation_delivered_4,211.923,2025-02-14T12:00:00.000Z
sensor.third_reality_inc_3rsp02028bz_summation_delivered_4,212.043,2025-02-14T13:00:00.000Z
sensor.third_reality_inc_3rsp02028bz_summation_delivered_4,212.154,2025-02-14T14:00:00.000Z
sensor.third_reality_inc_3rsp02028bz_summation_delivered_4,212.274,2025-02-14T15:00:00.000Z
sensor.third_reality_inc_3rsp02028bz_summation_delivered_4,212.394,2025-02-14T16:00:00.000Z
sensor.third_reality_inc_3rsp02028bz_summation_delivered_4,212.514,2025-02-14T17:00:00.000Z
sensor.third_reality_inc_3rsp02028bz_summation_delivered_4,212.624,2025-02-14T18:00:00.000Z
sensor.third_reality_inc_3rsp02028bz_summation_delivered_4,212.744,2025-02-14T19:00:00.000Z
sensor.third_reality_inc_3rsp02028bz_summation_delivered_4,212.865,2025-02-14T20:00:00.000Z
sensor.third_reality_inc_3rsp02028bz_summation_delivered_4,212.985,2025-02-14T21:00:00.000Z
sensor.third_reality_inc_3rsp02028bz_summation_delivered_4,213.115,2025-02-14T22:00:00.000Z
sensor.third_reality_inc_3rsp02028bz_summation_delivered_4,213.235,2025-02-14T23:00:00.000Z
sensor.third_reality_inc_3rsp02028bz_summation_delivered_4,213.345,2025-02-15T00:00:00.000Z
sensor.third_reality_inc_3rsp02028bz_summation_delivered_4,213.466,2025-02-15T01:00:00.000Z
sensor.third_reality_inc_3rsp02028bz_summation_delivered_4,213.586,2025-02-15T02:00:00.000Z
sensor.third_reality_inc_3rsp02028bz_summation_delivered_4,213.706,2025-02-15T03:00:00.000Z
sensor.third_reality_inc_3rsp02028bz_summation_delivered_4,213.887,2025-02-15T04:00:00.000Z
sensor.third_reality_inc_3rsp02028bz_summation_delivered_4,214.198,2025-02-15T05:00:00.000Z
sensor.third_reality_inc_3rsp02028bz_summation_delivered_4,214.308,2025-02-15T06:00:00.000Z
sensor.third_reality_inc_3rsp02028bz_summation_delivered_4,214.428,2025-02-15T07:00:00.000Z
sensor.third_reality_inc_3rsp02028bz_summation_delivered_4,214.549,2025-02-15T08:00:00.000Z
sensor.third_reality_inc_3rsp02028bz_summation_delivered_4,214.669,2025-02-15T09:00:00.000Z
sensor.third_reality_inc_3rsp02028bz_summation_delivered_4,214.789,2025-02-15T10:00:00.000Z
sensor.third_reality_inc_3rsp02028bz_summation_delivered_4,214.899,2025-02-15T11:00:00.000Z
sensor.third_reality_inc_3rsp02028bz_summation_delivered_4,215.019,2025-02-15T12:00:00.000Z
sensor.third_reality_inc_3rsp02028bz_summation_delivered_4,215.139,2025-02-15T13:00:00.000Z
sensor.third_reality_inc_3rsp02028bz_summation_delivered_4,215.26,2025-02-15T14:00:00.000Z
sensor.third_reality_inc_3rsp02028bz_summation_delivered_4,215.38,2025-02-15T15:00:00.000Z
sensor.third_reality_inc_3rsp02028bz_summation_delivered_4,215.49,2025-02-15T16:00:00.000Z
sensor.third_reality_inc_3rsp02028bz_summation_delivered_4,215.61,2025-02-15T17:00:00.000Z
sensor.third_reality_inc_3rsp02028bz_summation_delivered_4,215.73,2025-02-15T18:00:00.000Z
sensor.third_reality_inc_3rsp02028bz_summation_delivered_4,215.85,2025-02-15T19:00:00.000Z
sensor.third_reality_inc_3rsp02028bz_summation_delivered_4,215.971,2025-02-15T20:00:00.000Z
sensor.third_reality_inc_3rsp02028bz_summation_delivered_4,216.081,2025-02-15T21:00:00.000Z
sensor.third_reality_inc_3rsp02028bz_summation_delivered_4,216.201,2025-02-15T22:00:00.000Z
sensor.third_reality_inc_3rsp02028bz_summation_delivered_4,216.321,2025-02-15T23:00:00.000Z
sensor.third_reality_inc_3rsp02028bz_summation_delivered_4,216.431,2025-02-16T00:00:00.000Z
sensor.third_reality_inc_3rsp02028bz_summation_delivered_4,216.552,2025-02-16T01:00:00.000Z
sensor.third_reality_inc_3rsp02028bz_summation_delivered_4,216.672,2025-02-16T02:00:00.000Z
sensor.third_reality_inc_3rsp02028bz_summation_delivered_4,216.792,2025-02-16T03:00:00.000Z
sensor.third_reality_inc_3rsp02028bz_summation_delivered_4,216.912,2025-02-16T04:00:00.000Z
sensor.third_reality_inc_3rsp02028bz_summation_delivered_4,217.022,2025-02-16T05:00:00.000Z
sensor.third_reality_inc_3rsp02028bz_summation_delivered_4,217.143,2025-02-16T06:00:00.000Z
sensor.third_reality_inc_3rsp02028bz_summation_delivered_4,217.263,2025-02-16T07:00:00.000Z
sensor.third_reality_inc_3rsp02028bz_summation_delivered_4,217.383,2025-02-16T08:00:00.000Z
sensor.third_reality_inc_3rsp02028bz_summation_delivered_4,217.493,2025-02-16T09:00:00.000Z
sensor.third_reality_inc_3rsp02028bz_summation_delivered_4,217.613,2025-02-16T10:00:00.000Z
sensor.third_reality_inc_3rsp02028bz_summation_delivered_4,217.733,2025-02-16T11:00:00.000Z
sensor.third_reality_inc_3rsp02028bz_summation_delivered_4,217.854,2025-02-16T12:00:00.000Z
sensor.third_reality_inc_3rsp02028bz_summation_delivered_4,217.974,2025-02-16T13:00:00.000Z
sensor.third_reality_inc_3rsp02028bz_summation_delivered_4,218.084,2025-02-16T14:00:00.000Z
sensor.third_reality_inc_3rsp02028bz_summation_delivered_4,218.204,2025-02-16T15:00:00.000Z
sensor.third_reality_inc_3rsp02028bz_summation_delivered_4,218.324,2025-02-16T16:00:00.000Z
sensor.third_reality_inc_3rsp02028bz_summation_delivered_4,218.445,2025-02-16T17:00:00.000Z
sensor.third_reality_inc_3rsp02028bz_summation_delivered_4,218.605,2025-02-16T18:00:00.000Z
sensor.third_reality_inc_3rsp02028bz_summation_delivered_4,218.725,2025-02-16T19:00:00.000Z
sensor.third_reality_inc_3rsp02028bz_summation_delivered_4,218.845,2025-02-16T20:00:00.000Z
sensor.third_reality_inc_3rsp02028bz_summation_delivered_4,218.956,2025-02-16T21:00:00.000Z
sensor.third_reality_inc_3rsp02028bz_summation_delivered_4,219.076,2025-02-16T22:00:00.000Z
sensor.third_reality_inc_3rsp02028bz_summation_delivered_4,219.196,2025-02-16T23:00:00.000Z
sensor.third_reality_inc_3rsp02028bz_summation_delivered_4,219.316,2025-02-17T00:00:00.000Z
sensor.third_reality_inc_3rsp02028bz_summation_delivered_4,219.436,2025-02-17T01:00:00.000Z
sensor.third_reality_inc_3rsp02028bz_summation_delivered_4,219.546,2025-02-17T02:00:00.000Z
sensor.third_reality_inc_3rsp02028bz_summation_delivered_4,219.667,2025-02-17T03:00:00.000Z
sensor.third_reality_inc_3rsp02028bz_summation_delivered_4,219.787,2025-02-17T04:00:00.000Z
sensor.third_reality_inc_3rsp02028bz_summation_delivered_4,219.907,2025-02-17T05:00:00.000Z
sensor.third_reality_inc_3rsp02028bz_summation_delivered_4,220.017,2025-02-17T06:00:00.000Z
sensor.third_reality_inc_3rsp02028bz_summation_delivered_4,220.137,2025-02-17T07:00:00.000Z
sensor.third_reality_inc_3rsp02028bz_summation_delivered_4,220.258,2025-02-17T08:00:00.000Z
sensor.third_reality_inc_3rsp02028bz_summation_delivered_4,220.378,2025-02-17T09:00:00.000Z
sensor.third_reality_inc_3rsp02028bz_summation_delivered_4,220.498,2025-02-17T10:00:00.000Z
sensor.third_reality_inc_3rsp02028bz_summation_delivered_4,220.608,2025-02-17T11:00:00.000Z
sensor.third_reality_inc_3rsp02028bz_summation_delivered_4,220.728,2025-02-17T12:00:00.000Z
sensor.third_reality_inc_3rsp02028bz_summation_delivered_4,220.849,2025-02-17T13:00:00.000Z
sensor.third_reality_inc_3rsp02028bz_summation_delivered_4,220.999,2025-02-17T14:00:00.000Z
sensor.third_reality_inc_3rsp02028bz_summation_delivered_4,221.119,2025-02-17T15:00:00.000Z
sensor.third_reality_inc_3rsp02028bz_summation_delivered_4,221.239,2025-02-17T16:00:00.000Z
sensor.third_reality_inc_3rsp02028bz_summation_delivered_4,221.36,2025-02-17T17:00:00.000Z
sensor.third_reality_inc_3rsp02028bz_summation_delivered_4,221.48,2025-02-17T18:00:00.000Z
sensor.third_reality_inc_3rsp02028bz_summation_delivered_4,221.59,2025-02-17T19:00:00.000Z
sensor.third_reality_inc_3rsp02028bz_summation_delivered_4,221.71,2025-02-17T20:00:00.000Z
sensor.third_reality_inc_3rsp02028bz_summation_delivered_4,221.83,2025-02-17T21:00:00.000Z
sensor.third_reality_inc_3rsp02028bz_summation_delivered_4,221.951,2025-02-17T22:00:00.000Z
sensor.third_reality_inc_3rsp02028bz_summation_delivered_4,222.071,2025-02-17T23:00:00.000Z
sensor.third_reality_inc_3rsp02028bz_summation_delivered_4,222.181,2025-02-18T00:00:00.000Z
sensor.third_reality_inc_3rsp02028bz_summation_delivered_4,222.301,2025-02-18T01:00:00.000Z
sensor.third_reality_inc_3rsp02028bz_summation_delivered_4,222.421,2025-02-18T02:00:00.000Z
sensor.third_reality_inc_3rsp02028bz_summation_delivered_4,222.541,2025-02-18T03:00:00.000Z
sensor.third_reality_inc_3rsp02028bz_summation_delivered_4,222.662,2025-02-18T04:00:00.000Z
sensor.third_reality_inc_3rsp02028bz_summation_delivered_4,222.782,2025-02-18T05:00:00.000Z
sensor.third_reality_inc_3rsp02028bz_summation_delivered_4,222.892,2025-02-18T06:00:00.000Z
sensor.third_reality_inc_3rsp02028bz_summation_delivered_4,223.012,2025-02-18T07:00:00.000Z
sensor.third_reality_inc_3rsp02028bz_summation_delivered_4,223.132,2025-02-18T08:00:00.000Z
sensor.third_reality_inc_3rsp02028bz_summation_delivered_4,223.253,2025-02-18T09:00:00.000Z
sensor.third_reality_inc_3rsp02028bz_summation_delivered_4,223.373,2025-02-18T10:00:00.000Z
sensor.third_reality_inc_3rsp02028bz_summation_delivered_4,223.493,2025-02-18T11:00:00.000Z
sensor.third_reality_inc_3rsp02028bz_summation_delivered_4,223.603,2025-02-18T12:00:00.000Z
sensor.third_reality_inc_3rsp02028bz_summation_delivered_4,223.723,2025-02-18T13:00:00.000Z
sensor.third_reality_inc_3rsp02028bz_summation_delivered_4,223.844,2025-02-18T14:00:00.000Z
sensor.third_reality_inc_3rsp02028bz_summation_delivered_4,223.964,2025-02-18T15:00:00.000Z
sensor.third_reality_inc_3rsp02028bz_summation_delivered_4,224.084,2025-02-18T16:00:00.000Z
sensor.third_reality_inc_3rsp02028bz_summation_delivered_4,224.194,2025-02-18T17:00:00.000Z
sensor.third_reality_inc_3rsp02028bz_summation_delivered_4,224.345,2025-02-18T18:00:00.000Z
sensor.third_reality_inc_3rsp02028bz_summation_delivered_4,224.455,2025-02-18T19:00:00.000Z
sensor.third_reality_inc_3rsp02028bz_summation_delivered_4,224.575,2025-02-18T20:00:00.000Z
sensor.third_reality_inc_3rsp02028bz_summation_delivered_4,224.695,2025-02-18T21:00:00.000Z
sensor.third_reality_inc_3rsp02028bz_summation_delivered_4,224.815,2025-02-18T22:00:00.000Z
sensor.third_reality_inc_3rsp02028bz_summation_delivered_4,224.936,2025-02-18T23:00:00.000Z
sensor.third_reality_inc_3rsp02028bz_summation_delivered_4,225.046,2025-02-19T00:00:00.000Z
sensor.third_reality_inc_3rsp02028bz_summation_delivered_4,225.166,2025-02-19T01:00:00.000Z
sensor.third_reality_inc_3rsp02028bz_summation_delivered_4,225.286,2025-02-19T02:00:00.000Z
sensor.third_reality_inc_3rsp02028bz_summation_delivered_4,225.406,2025-02-19T03:00:00.000Z
sensor.third_reality_inc_3rsp02028bz_summation_delivered_4,225.516,2025-02-19T04:00:00.000Z
sensor.third_reality_inc_3rsp02028bz_summation_delivered_4,225.637,2025-02-19T05:00:00.000Z
sensor.third_reality_inc_3rsp02028bz_summation_delivered_4,225.757,2025-02-19T06:00:00.000Z
sensor.third_reality_inc_3rsp02028bz_summation_delivered_4,225.877,2025-02-19T07:00:00.000Z
sensor.third_reality_inc_3rsp02028bz_summation_delivered_4,225.987,2025-02-19T08:00:00.000Z
sensor.third_reality_inc_3rsp02028bz_summation_delivered_4,226.108,2025-02-19T09:00:00.000Z
sensor.third_reality_inc_3rsp02028bz_summation_delivered_4,226.228,2025-02-19T10:00:00.000Z
sensor.third_reality_inc_3rsp02028bz_summation_delivered_4,226.348,2025-02-19T11:00:00.000Z
sensor.third_reality_inc_3rsp02028bz_summation_delivered_4,226.458,2025-02-19T12:00:00.000Z
sensor.third_reality_inc_3rsp02028bz_summation_delivered_4,226.578,2025-02-19T13:00:00.000Z
sensor.third_reality_inc_3rsp02028bz_summation_delivered_4,226.698,2025-02-19T14:00:00.000Z
sensor.third_reality_inc_3rsp02028bz_summation_delivered_4,226.819,2025-02-19T15:00:00.000Z
sensor.third_reality_inc_3rsp02028bz_summation_delivered_4,226.929,2025-02-19T16:00:00.000Z
sensor.third_reality_inc_3rsp02028bz_summation_delivered_4,227.049,2025-02-19T17:00:00.000Z
sensor.third_reality_inc_3rsp02028bz_summation_delivered_4,227.169,2025-02-19T18:00:00.000Z
sensor.third_reality_inc_3rsp02028bz_summation_delivered_4,227.289,2025-02-19T19:00:00.000Z
sensor.third_reality_inc_3rsp02028bz_summation_delivered_4,227.4,2025-02-19T20:00:00.000Z
sensor.third_reality_inc_3rsp02028bz_summation_delivered_4,227.52,2025-02-19T21:00:00.000Z
sensor.third_reality_inc_3rsp02028bz_summation_delivered_4,227.64,2025-02-19T22:00:00.000Z
sensor.third_reality_inc_3rsp02028bz_summation_delivered_4,227.76,2025-02-19T23:00:00.000Z
sensor.third_reality_inc_3rsp02028bz_summation_delivered_4,227.88,2025-02-20T00:00:00.000Z
sensor.third_reality_inc_3rsp02028bz_summation_delivered_4,228.001,2025-02-20T01:00:00.000Z
sensor.third_reality_inc_3rsp02028bz_summation_delivered_4,228.111,2025-02-20T02:00:00.000Z
sensor.third_reality_inc_3rsp02028bz_summation_delivered_4,228.231,2025-02-20T03:00:00.000Z
sensor.third_reality_inc_3rsp02028bz_summation_delivered_4,228.351,2025-02-20T04:00:00.000Z
sensor.third_reality_inc_3rsp02028bz_summation_delivered_4,228.471,2025-02-20T05:00:00.000Z
sensor.third_reality_inc_3rsp02028bz_summation_delivered_4,228.581,2025-02-20T06:00:00.000Z
sensor.third_reality_inc_3rsp02028bz_summation_delivered_4,228.702,2025-02-20T07:00:00.000Z
sensor.third_reality_inc_3rsp02028bz_summation_delivered_4,228.822,2025-02-20T08:00:00.000Z
sensor.third_reality_inc_3rsp02028bz_summation_delivered_4,228.942,2025-02-20T09:00:00.000Z
sensor.third_reality_inc_3rsp02028bz_summation_delivered_4,229.052,2025-02-20T10:00:00.000Z
sensor.third_reality_inc_3rsp02028bz_summation_delivered_4,229.172,2025-02-20T11:00:00.000Z
sensor.third_reality_inc_3rsp02028bz_summation_delivered_4,229.293,2025-02-20T12:00:00.000Z
sensor.third_reality_inc_3rsp02028bz_summation_delivered_4,229.413,2025-02-20T13:00:00.000Z
sensor.third_reality_inc_3rsp02028bz_summation_delivered_4,229.523,2025-02-20T14:00:00.000Z
sensor.third_reality_inc_3rsp02028bz_summation_delivered_4,229.643,2025-02-20T15:00:00.000Z
sensor.third_reality_inc_3rsp02028bz_summation_delivered_4,229.763,2025-02-20T16:00:00.000Z
sensor.third_reality_inc_3rsp02028bz_summation_delivered_4,229.874,2025-02-20T17:00:00.000Z
sensor.third_reality_inc_3rsp02028bz_summation_delivered_4,229.994,2025-02-20T18:00:00.000Z
sensor.third_reality_inc_3rsp02028bz_summation_delivered_4,230.114,2025-02-20T19:00:00.000Z
sensor.third_reality_inc_3rsp02028bz_summation_delivered_4,230.234,2025-02-20T20:00:00.000Z
sensor.third_reality_inc_3rsp02028bz_summation_delivered_4,230.344,2025-02-20T21:00:00.000Z
sensor.third_reality_inc_3rsp02028bz_summation_delivered_4,230.464,2025-02-20T22:00:00.000Z
sensor.third_reality_inc_3rsp02028bz_summation_delivered_4,230.585,2025-02-20T23:00:00.000Z
sensor.third_reality_inc_3rsp02028bz_summation_delivered_4,230.745,2025-02-21T00:00:00.000Z
sensor.third_reality_inc_3rsp02028bz_summation_delivered_4,230.865,2025-02-21T01:00:00.000Z
sensor.third_reality_inc_3rsp02028bz_summation_delivered_4,230.986,2025-02-21T02:00:00.000Z
sensor.third_reality_inc_3rsp02028bz_summation_delivered_4,231.096,2025-02-21T03:00:00.000Z
sensor.third_reality_inc_3rsp02028bz_summation_delivered_4,231.216,2025-02-21T04:00:00.000Z
sensor.third_reality_inc_3rsp02028bz_summation_delivered_4,231.336,2025-02-21T05:00:00.000Z
sensor.third_reality_inc_3rsp02028bz_summation_delivered_4,231.456,2025-02-21T06:00:00.000Z
sensor.third_reality_inc_3rsp02028bz_summation_delivered_4,231.566,2025-02-21T07:00:00.000Z
sensor.third_reality_inc_3rsp02028bz_summation_delivered_4,231.687,2025-02-21T08:00:00.000Z
sensor.third_reality_inc_3rsp02028bz_summation_delivered_4,231.807,2025-02-21T09:00:00.000Z
sensor.third_reality_inc_3rsp02028bz_summation_delivered_4,231.927,2025-02-21T10:00:00.000Z
sensor.third_reality_inc_3rsp02028bz_summation_delivered_4,232.047,2025-02-21T11:00:00.000Z
sensor.third_reality_inc_3rsp02028bz_summation_delivered_4,232.157,2025-02-21T12:00:00.000Z
sensor.third_reality_inc_3rsp02028bz_summation_delivered_4,232.278,2025-02-21T13:00:00.000Z
sensor.third_reality_inc_3rsp02028bz_summation_delivered_4,232.398,2025-02-21T14:00:00.000Z
sensor.third_reality_inc_3rsp02028bz_summation_delivered_4,232.518,2025-02-21T15:00:00.000Z
sensor.third_reality_inc_3rsp02028bz_summation_delivered_4,232.628,2025-02-21T16:00:00.000Z
sensor.third_reality_inc_3rsp02028bz_summation_delivered_4,232.748,2025-02-21T17:00:00.000Z
sensor.third_reality_inc_3rsp02028bz_summation_delivered_4,232.869,2025-02-21T18:00:00.000Z
sensor.third_reality_inc_3rsp02028bz_summation_delivered_4,232.989,2025-02-21T19:00:00.000Z
sensor.third_reality_inc_3rsp02028bz_summation_delivered_4,233.099,2025-02-21T20:00:00.000Z
sensor.third_reality_inc_3rsp02028bz_summation_delivered_4,233.229,2025-02-21T21:00:00.000Z
sensor.third_reality_inc_3rsp02028bz_summation_delivered_4,233.349,2025-02-21T22:00:00.000Z
sensor.third_reality_inc_3rsp02028bz_summation_delivered_4,233.46,2025-02-21T23:00:00.000Z
sensor.third_reality_inc_3rsp02028bz_summation_delivered_4,233.58,2025-02-22T00:00:00.000Z
sensor.third_reality_inc_3rsp02028bz_summation_delivered_4,233.7,2025-02-22T01:00:00.000Z
sensor.third_reality_inc_3rsp02028bz_summation_delivered_4,233.911,2025-02-22T02:00:00.000Z
sensor.third_reality_inc_3rsp02028bz_summation_delivered_4,234.021,2025-02-22T03:00:00.000Z
sensor.third_reality_inc_3rsp02028bz_summation_delivered_4,234.222,2025-02-22T04:00:00.000Z
sensor.third_reality_inc_3rsp02028bz_summation_delivered_4,234.524,2025-02-22T05:00:00.000Z
sensor.third_reality_inc_3rsp02028bz_summation_delivered_4,234.664,2025-02-22T06:00:00.000Z
sensor.third_reality_inc_3rsp02028bz_summation_delivered_4,234.794,2025-02-22T07:00:00.000Z
sensor.third_reality_inc_3rsp02028bz_summation_delivered_4,234.914,2025-02-22T08:00:00.000Z
sensor.third_reality_inc_3rsp02028bz_summation_delivered_4,235.045,2025-02-22T09:00:00.000Z
sensor.third_reality_inc_3rsp02028bz_summation_delivered_4,235.175,2025-02-22T10:00:00.000Z
sensor.third_reality_inc_3rsp02028bz_summation_delivered_4,235.305,2025-02-22T11:00:00.000Z
sensor.third_reality_inc_3rsp02028bz_summation_delivered_4,235.415,2025-02-22T12:00:00.000Z
sensor.third_reality_inc_3rsp02028bz_summation_delivered_4,235.535,2025-02-22T13:00:00.000Z
sensor.third_reality_inc_3rsp02028bz_summation_delivered_4,235.656,2025-02-22T14:00:00.000Z
sensor.third_reality_inc_3rsp02028bz_summation_delivered_4,235.776,2025-02-22T15:00:00.000Z
sensor.third_reality_inc_3rsp02028bz_summation_delivered_4,235.886,2025-02-22T16:00:00.000Z
sensor.third_reality_inc_3rsp02028bz_summation_delivered_4,236.006,2025-02-22T17:00:00.000Z
sensor.third_reality_inc_3rsp02028bz_summation_delivered_4,236.126,2025-02-22T18:00:00.000Z
sensor.third_reality_inc_3rsp02028bz_summation_delivered_4,236.246,2025-02-22T19:00:00.000Z
sensor.third_reality_inc_3rsp02028bz_summation_delivered_4,236.367,2025-02-22T20:00:00.000Z
sensor.third_reality_inc_3rsp02028bz_summation_delivered_4,236.477,2025-02-22T21:00:00.000Z
sensor.third_reality_inc_3rsp02028bz_summation_delivered_4,236.597,2025-02-22T22:00:00.000Z
sensor.third_reality_inc_3rsp02028bz_summation_delivered_4,236.717,2025-02-22T23:00:00.000Z
sensor.third_reality_inc_3rsp02028bz_summation_delivered_4,236.837,2025-02-23T00:00:00.000Z
sensor.third_reality_inc_3rsp02028bz_summation_delivered_4,236.948,2025-02-23T01:00:00.000Z
sensor.third_reality_inc_3rsp02028bz_summation_delivered_4,237.068,2025-02-23T02:00:00.000Z
sensor.third_reality_inc_3rsp02028bz_summation_delivered_4,237.188,2025-02-23T03:00:00.000Z
sensor.third_reality_inc_3rsp02028bz_summation_delivered_4,237.308,2025-02-23T04:00:00.000Z
sensor.third_reality_inc_3rsp02028bz_summation_delivered_4,237.418,2025-02-23T05:00:00.000Z
sensor.third_reality_inc_3rsp02028bz_summation_delivered_4,237.538,2025-02-23T06:00:00.000Z
sensor.third_reality_inc_3rsp02028bz_summation_delivered_4,237.659,2025-02-23T07:00:00.000Z
sensor.third_reality_inc_3rsp02028bz_summation_delivered_4,237.779,2025-02-23T08:00:00.000Z
sensor.third_reality_inc_3rsp02028bz_summation_delivered_4,237.889,2025-02-23T09:00:00.000Z
sensor.third_reality_inc_3rsp02028bz_summation_delivered_4,238.009,2025-02-23T10:00:00.000Z
sensor.third_reality_inc_3rsp02028bz_summation_delivered_4,238.129,2025-02-23T11:00:00.000Z
sensor.third_reality_inc_3rsp02028bz_summation_delivered_4,238.24,2025-02-23T12:00:00.000Z
sensor.third_reality_inc_3rsp02028bz_summation_delivered_4,238.36,2025-02-23T13:00:00.000Z
sensor.third_reality_inc_3rsp02028bz_summation_delivered_4,238.48,2025-02-23T14:00:00.000Z
sensor.third_reality_inc_3rsp02028bz_summation_delivered_4,238.6,2025-02-23T15:00:00.000Z
sensor.third_reality_inc_3rsp02028bz_summation_delivered_4,238.71,2025-02-23T16:00:00.000Z
sensor.third_reality_inc_3rsp02028bz_summation_delivered_4,238.831,2025-02-23T17:00:00.000Z
sensor.third_reality_inc_3rsp02028bz_summation_delivered_4,238.951,2025-02-23T18:00:00.000Z
sensor.third_reality_inc_3rsp02028bz_summation_delivered_4,239.071,2025-02-23T19:00:00.000Z
sensor.third_reality_inc_3rsp02028bz_summation_delivered_4,239.181,2025-02-23T20:00:00.000Z
sensor.third_reality_inc_3rsp02028bz_summation_delivered_4,239.301,2025-02-23T21:00:00.000Z
sensor.third_reality_inc_3rsp02028bz_summation_delivered_4,239.421,2025-02-23T22:00:00.000Z
sensor.third_reality_inc_3rsp02028bz_summation_delivered_4,239.532,2025-02-23T23:00:00.000Z
sensor.third_reality_inc_3rsp02028bz_summation_delivered_4,239.652,2025-02-24T00:00:00.000Z
sensor.third_reality_inc_3rsp02028bz_summation_delivered_4,239.772,2025-02-24T01:00:00.000Z
sensor.third_reality_inc_3rsp02028bz_summation_delivered_4,239.892,2025-02-24T02:00:00.000Z
sensor.third_reality_inc_3rsp02028bz_summation_delivered_4,240.023,2025-02-24T03:00:00.000Z
sensor.third_reality_inc_3rsp02028bz_summation_delivered_4,240.143,2025-02-24T04:00:00.000Z
sensor.third_reality_inc_3rsp02028bz_summation_delivered_4,240.263,2025-02-24T05:00:00.000Z
sensor.third_reality_inc_3rsp02028bz_summation_delivered_4,240.383,2025-02-24T06:00:00.000Z
sensor.third_reality_inc_3rsp02028bz_summation_delivered_4,240.493,2025-02-24T07:00:00.000Z
sensor.third_reality_inc_3rsp02028bz_summation_delivered_4,240.614,2025-02-24T08:00:00.000Z
sensor.third_reality_inc_3rsp02028bz_summation_delivered_4,240.734,2025-02-24T09:00:00.000Z
sensor.third_reality_inc_3rsp02028bz_summation_delivered_4,240.844,2025-02-24T10:00:00.000Z
sensor.third_reality_inc_3rsp02028bz_summation_delivered_4,240.964,2025-02-24T11:00:00.000Z
sensor.third_reality_inc_3rsp02028bz_summation_delivered_4,241.085,2025-02-24T12:00:00.000Z
sensor.third_reality_inc_3rsp02028bz_summation_delivered_4,241.205,2025-02-24T13:00:00.000Z
sensor.third_reality_inc_3rsp02028bz_summation_delivered_4,241.335,2025-02-24T14:00:00.000Z
sensor.third_reality_inc_3rsp02028bz_summation_delivered_4,241.455,2025-02-24T15:00:00.000Z
sensor.third_reality_inc_3rsp02028bz_summation_delivered_4,241.576,2025-02-24T16:00:00.000Z
sensor.third_reality_inc_3rsp02028bz_summation_delivered_4,241.696,2025-02-24T17:00:00.000Z
sensor.third_reality_inc_3rsp02028bz_summation_delivered_4,241.816,2025-02-24T18:00:00.000Z
sensor.third_reality_inc_3rsp02028bz_summation_delivered_4,241.936,2025-02-24T19:00:00.000Z
sensor.third_reality_inc_3rsp02028bz_summation_delivered_4,242.056,2025-02-24T20:00:00.000Z
sensor.third_reality_inc_3rsp02028bz_summation_delivered_4,242.167,2025-02-24T21:00:00.000Z
sensor.third_reality_inc_3rsp02028bz_summation_delivered_4,242.287,2025-02-24T22:00:00.000Z
sensor.third_reality_inc_3rsp02028bz_summation_delivered_4,242.447,2025-02-24T23:00:00.000Z
sensor.third_reality_inc_3rsp02028bz_summation_delivered_4,242.678,2025-02-25T00:00:00.000Z
sensor.third_reality_inc_3rsp02028bz_summation_delivered_4,242.798,2025-02-25T01:00:00.000Z
sensor.third_reality_inc_3rsp02028bz_summation_delivered_4,242.918,2025-02-25T02:00:00.000Z
sensor.third_reality_inc_3rsp02028bz_summation_delivered_4,243.029,2025-02-25T03:00:00.000Z
sensor.third_reality_inc_3rsp02028bz_summation_delivered_4,243.149,2025-02-25T04:00:00.000Z
sensor.third_reality_inc_3rsp02028bz_summation_delivered_4,243.269,2025-02-25T05:00:00.000Z
sensor.third_reality_inc_3rsp02028bz_summation_delivered_4,243.389,2025-02-25T06:00:00.000Z
sensor.third_reality_inc_3rsp02028bz_summation_delivered_4,243.499,2025-02-25T07:00:00.000Z
sensor.third_reality_inc_3rsp02028bz_summation_delivered_4,243.62,2025-02-25T08:00:00.000Z
sensor.third_reality_inc_3rsp02028bz_summation_delivered_4,243.74,2025-02-25T09:00:00.000Z
sensor.third_reality_inc_3rsp02028bz_summation_delivered_4,243.86,2025-02-25T10:00:00.000Z
sensor.third_reality_inc_3rsp02028bz_summation_delivered_4,243.97,2025-02-25T11:00:00.000Z
sensor.third_reality_inc_3rsp02028bz_summation_delivered_4,244.09,2025-02-25T12:00:00.000Z
sensor.third_reality_inc_3rsp02028bz_summation_delivered_4,244.211,2025-02-25T13:00:00.000Z
sensor.third_reality_inc_3rsp02028bz_summation_delivered_4,244.321,2025-02-25T14:00:00.000Z
sensor.third_reality_inc_3rsp02028bz_summation_delivered_4,244.441,2025-02-25T15:00:00.000Z
sensor.third_reality_inc_3rsp02028bz_summation_delivered_4,244.561,2025-02-25T16:00:00.000Z
sensor.third_reality_inc_3rsp02028bz_summation_delivered_4,244.681,2025-02-25T17:00:00.000Z
sensor.third_reality_inc_3rsp02028bz_summation_delivered_4,244.792,2025-02-25T18:00:00.000Z
sensor.third_reality_inc_3rsp02028bz_summation_delivered_4,244.912,2025-02-25T19:00:00.000Z
sensor.third_reality_inc_3rsp02028bz_summation_delivered_4,245.032,2025-02-25T20:00:00.000Z
sensor.third_reality_inc_3rsp02028bz_summation_delivered_4,245.152,2025-02-25T21:00:00.000Z
sensor.third_reality_inc_3rsp02028bz_summation_delivered_4,245.262,2025-02-25T22:00:00.000Z
sensor.third_reality_inc_3rsp02028bz_summation_delivered_4,245.383,2025-02-25T23:00:00.000Z
sensor.third_reality_inc_3rsp02028bz_summation_delivered_4,245.503,2025-02-26T00:00:00.000Z
sensor.third_reality_inc_3rsp02028bz_summation_delivered_4,245.623,2025-02-26T01:00:00.000Z
sensor.third_reality_inc_3rsp02028bz_summation_delivered_4,245.733,2025-02-26T02:00:00.000Z
sensor.third_reality_inc_3rsp02028bz_summation_delivered_4,245.854,2025-02-26T03:00:00.000Z
sensor.third_reality_inc_3rsp02028bz_summation_delivered_4,245.974,2025-02-26T04:00:00.000Z
sensor.third_reality_inc_3rsp02028bz_summation_delivered_4,246.094,2025-02-26T05:00:00.000Z
sensor.third_reality_inc_3rsp02028bz_summation_delivered_4,246.204,2025-02-26T06:00:00.000Z
sensor.third_reality_inc_3rsp02028bz_summation_delivered_4,246.324,2025-02-26T07:00:00.000Z
sensor.third_reality_inc_3rsp02028bz_summation_delivered_4,246.445,2025-02-26T08:00:00.000Z
sensor.third_reality_inc_3rsp02028bz_summation_delivered_4,246.565,2025-02-26T09:00:00.000Z
sensor.third_reality_inc_3rsp02028bz_summation_delivered_4,246.675,2025-02-26T10:00:00.000Z
sensor.third_reality_inc_3rsp02028bz_summation_delivered_4,246.795,2025-02-26T11:00:00.000Z
sensor.third_reality_inc_3rsp02028bz_summation_delivered_4,246.915,2025-02-26T12:00:00.000Z
sensor.third_reality_inc_3rsp02028bz_summation_delivered_4,247.025,2025-02-26T13:00:00.000Z
sensor.third_reality_inc_3rsp02028bz_summation_delivered_4,247.146,2025-02-26T14:00:00.000Z
sensor.third_reality_inc_3rsp02028bz_summation_delivered_4,247.266,2025-02-26T15:00:00.000Z
sensor.third_reality_inc_3rsp02028bz_summation_delivered_4,247.376,2025-02-26T16:00:00.000Z
sensor.third_reality_inc_3rsp02028bz_summation_delivered_4,247.496,2025-02-26T17:00:00.000Z
sensor.third_reality_inc_3rsp02028bz_summation_delivered_4,247.616,2025-02-26T18:00:00.000Z
sensor.third_reality_inc_3rsp02028bz_summation_delivered_4,247.737,2025-02-26T19:00:00.000Z
sensor.third_reality_inc_3rsp02028bz_summation_delivered_4,247.847,2025-02-26T20:00:00.000Z
sensor.third_reality_inc_3rsp02028bz_summation_delivered_4,247.967,2025-02-26T21:00:00.000Z
sensor.third_reality_inc_3rsp02028bz_summation_delivered_4,248.087,2025-02-26T22:00:00.000Z
sensor.third_reality_inc_3rsp02028bz_summation_delivered_4,248.207,2025-02-26T23:00:00.000Z
sensor.third_reality_inc_3rsp02028bz_summation_delivered_4,248.328,2025-02-27T00:00:00.000Z
sensor.third_reality_inc_3rsp02028bz_summation_delivered_4,248.438,2025-02-27T01:00:00.000Z
sensor.third_reality_inc_3rsp02028bz_summation_delivered_4,248.558,2025-02-27T02:00:00.000Z
sensor.third_reality_inc_3rsp02028bz_summation_delivered_4,248.678,2025-02-27T03:00:00.000Z
sensor.third_reality_inc_3rsp02028bz_summation_delivered_4,248.798,2025-02-27T04:00:00.000Z
sensor.third_reality_inc_3rsp02028bz_summation_delivered_4,248.909,2025-02-27T05:00:00.000Z
sensor.third_reality_inc_3rsp02028bz_summation_delivered_4,249.029,2025-02-27T06:00:00.000Z
sensor.third_reality_inc_3rsp02028bz_summation_delivered_4,249.149,2025-02-27T07:00:00.000Z
sensor.third_reality_inc_3rsp02028bz_summation_delivered_4,249.269,2025-02-27T08:00:00.000Z
sensor.third_reality_inc_3rsp02028bz_summation_delivered_4,249.379,2025-02-27T09:00:00.000Z
sensor.third_reality_inc_3rsp02028bz_summation_delivered_4,249.499,2025-02-27T10:00:00.000Z
sensor.third_reality_inc_3rsp02028bz_summation_delivered_4,249.62,2025-02-27T11:00:00.000Z
sensor.third_reality_inc_3rsp02028bz_summation_delivered_4,249.73,2025-02-27T12:00:00.000Z
sensor.third_reality_inc_3rsp02028bz_summation_delivered_4,249.85,2025-02-27T13:00:00.000Z
sensor.third_reality_inc_3rsp02028bz_summation_delivered_4,249.97,2025-02-27T14:00:00.000Z
sensor.third_reality_inc_3rsp02028bz_summation_delivered_4,250.09,2025-02-27T15:00:00.000Z
sensor.third_reality_inc_3rsp02028bz_summation_delivered_4,250.211,2025-02-27T16:00:00.000Z
sensor.third_reality_inc_3rsp02028bz_summation_delivered_4,250.321,2025-02-27T17:00:00.000Z
sensor.third_reality_inc_3rsp02028bz_summation_delivered_4,250.441,2025-02-27T18:00:00.000Z
sensor.third_reality_inc_3rsp02028bz_summation_delivered_4,250.561,2025-02-27T19:00:00.000Z
sensor.third_reality_inc_3rsp02028bz_summation_delivered_4,250.681,2025-02-27T20:00:00.000Z
sensor.third_reality_inc_3rsp02028bz_summation_delivered_4,250.792,2025-02-27T21:00:00.000Z
sensor.third_reality_inc_3rsp02028bz_summation_delivered_4,250.912,2025-02-27T22:00:00.000Z
sensor.third_reality_inc_3rsp02028bz_summation_delivered_4,251.032,2025-02-27T23:00:00.000Z
sensor.third_reality_inc_3rsp02028bz_summation_delivered_4,251.152,2025-02-28T00:00:00.000Z
sensor.third_reality_inc_3rsp02028bz_summation_delivered_4,251.262,2025-02-28T01:00:00.000Z
sensor.third_reality_inc_3rsp02028bz_summation_delivered_4,251.382,2025-02-28T02:00:00.000Z
sensor.third_reality_inc_3rsp02028bz_summation_delivered_4,251.503,2025-02-28T03:00:00.000Z
sensor.third_reality_inc_3rsp02028bz_summation_delivered_4,251.643,2025-02-28T04:00:00.000Z
sensor.third_reality_inc_3rsp02028bz_summation_delivered_4,251.864,2025-02-28T05:00:00.000Z
sensor.third_reality_inc_3rsp02028bz_summation_delivered_4,251.984,2025-02-28T06:00:00.000Z
sensor.third_reality_inc_3rsp02028bz_summation_delivered_4,252.094,2025-02-28T07:00:00.000Z
sensor.third_reality_inc_3rsp02028bz_summation_delivered_4,252.214,2025-02-28T08:00:00.000Z
sensor.third_reality_inc_3rsp02028bz_summation_delivered_4,252.335,2025-02-28T09:00:00.000Z
sensor.third_reality_inc_3rsp02028bz_summation_delivered_4,252.455,2025-02-28T10:00:00.000Z
sensor.third_reality_inc_3rsp02028bz_summation_delivered_4,252.565,2025-02-28T11:00:00.000Z
sensor.third_reality_inc_3rsp02028bz_summation_delivered_4,252.685,2025-02-28T12:00:00.000Z
sensor.third_reality_inc_3rsp02028bz_summation_delivered_4,252.805,2025-02-28T13:00:00.000Z
sensor.third_reality_inc_3rsp02028bz_summation_delivered_4,252.926,2025-02-28T14:00:00.000Z
sensor.third_reality_inc_3rsp02028bz_summation_delivered_4,253.036,2025-02-28T15:00:00.000Z
sensor.third_reality_inc_3rsp02028bz_summation_delivered_4,253.156,2025-02-28T16:00:00.000Z
sensor.third_reality_inc_3rsp02028bz_summation_delivered_4,253.276,2025-02-28T17:00:00.000Z
sensor.third_reality_inc_3rsp02028bz_summation_delivered_4,253.396,2025-02-28T18:00:00.000Z
sensor.third_reality_inc_3rsp02028bz_summation_delivered_4,253.507,2025-02-28T19:00:00.000Z
sensor.third_reality_inc_3rsp02028bz_summation_delivered_4,253.627,2025-02-28T20:00:00.000Z
sensor.third_reality_inc_3rsp02028bz_summation_delivered_4,253.747,2025-02-28T21:00:00.000Z
sensor.third_reality_inc_3rsp02028bz_summation_delivered_4,253.867,2025-02-28T22:00:00.000Z
sensor.third_reality_inc_3rsp02028bz_summation_delivered_4,253.987,2025-02-28T23:00:00.000Z
sensor.third_reality_inc_3rsp02028bz_summation_delivered_4,254.097,2025-03-01T00:00:00.000Z
sensor.third_reality_inc_3rsp02028bz_summation_delivered_4,254.218,2025-03-01T01:00:00.000Z
sensor.third_reality_inc_3rsp02028bz_summation_delivered_4,254.338,2025-03-01T02:00:00.000Z
sensor.third_reality_inc_3rsp02028bz_summation_delivered_4,254.458,2025-03-01T03:00:00.000Z
sensor.third_reality_inc_3rsp02028bz_summation_delivered_4,254.568,2025-03-01T04:00:00.000Z
sensor.third_reality_inc_3rsp02028bz_summation_delivered_4,254.688,2025-03-01T05:00:00.000Z
sensor.third_reality_inc_3rsp02028bz_summation_delivered_4,254.809,2025-03-01T06:00:00.000Z
sensor.third_reality_inc_3rsp02028bz_summation_delivered_4,254.929,2025-03-01T07:00:00.000Z
sensor.third_reality_inc_3rsp02028bz_summation_delivered_4,255.039,2025-03-01T08:00:00.000Z
sensor.third_reality_inc_3rsp02028bz_summation_delivered_4,255.159,2025-03-01T09:00:00.000Z
sensor.third_reality_inc_3rsp02028bz_summation_delivered_4,255.279,2025-03-01T10:00:00.000Z
sensor.third_reality_inc_3rsp02028bz_summation_delivered_4,255.39,2025-03-01T11:00:00.000Z
sensor.third_reality_inc_3rsp02028bz_summation_delivered_4,255.51,2025-03-01T12:00:00.000Z
sensor.third_reality_inc_3rsp02028bz_summation_delivered_4,255.63,2025-03-01T13:00:00.000Z
sensor.third_reality_inc_3rsp02028bz_summation_delivered_4,255.75,2025-03-01T14:00:00.000Z
sensor.third_reality_inc_3rsp02028bz_summation_delivered_4,255.86,2025-03-01T15:00:00.000Z
sensor.third_reality_inc_3rsp02028bz_summation_delivered_4,255.98,2025-03-01T16:00:00.000Z
sensor.third_reality_inc_3rsp02028bz_summation_delivered_4,256.101,2025-03-01T17:00:00.000Z
sensor.third_reality_inc_3rsp02028bz_summation_delivered_4,256.221,2025-03-01T18:00:00.000Z
sensor.third_reality_inc_3rsp02028bz_summation_delivered_4,256.331,2025-03-01T19:00:00.000Z
sensor.third_reality_inc_3rsp02028bz_summation_delivered_4,256.451,2025-03-01T20:00:00.000Z
sensor.third_reality_inc_3rsp02028bz_summation_delivered_4,256.571,2025-03-01T21:00:00.000Z
sensor.third_reality_inc_3rsp02028bz_summation_delivered_4,256.692,2025-03-01T22:00:00.000Z
sensor.third_reality_inc_3rsp02028bz_summation_delivered_4,256.802,2025-03-01T23:00:00.000Z
sensor.third_reality_inc_3rsp02028bz_summation_delivered_4,256.922,2025-03-02T00:00:00.000Z
sensor.third_reality_inc_3rsp02028bz_summation_delivered_4,257.042,2025-03-02T01:00:00.000Z
sensor.third_reality_inc_3rsp02028bz_summation_delivered_4,257.163,2025-03-02T02:00:00.000Z
sensor.third_reality_inc_3rsp02028bz_summation_delivered_4,732.6220375,2025-08-08T01:00:21.873Z
